{
  "videos": [
    {
      "title": "Demo Video 1",
      "url": "https://cdn.jsdelivr.net/gh/AnIdiotsGuide/videos@master/BigBuckBunny.mp4"
    },
    {
      "title": "Demo Video 2",
      "url": "https://cdn.jsdelivr.net/gh/AnIdiotsGuide/videos@master/BigBuckBunny.mp4"
    },
    {
      "title": "Demo Video 3",
      "url": "https://cdn.jsdelivr.net/gh/AnIdiotsGuide/videos@master/BigBuckBunny.mp4"
    },
    {
      "title": "Demo Video 4",
      "url": "https://cdn.jsdelivr.net/gh/AnIdiotsGuide/videos@master/BigBuckBunny.mp4"
    },
    {
      "title": "Demo Video 5",
      "url": "https://cdn.jsdelivr.net/gh/AnIdiotsGuide/videos@master/BigBuckBunny.mp4"
    },
    {
      "title": "Demo Video 6",
      "url": "https://cdn.jsdelivr.net/gh/AnIdiotsGuide/videos@master/BigBuckBunny.mp4"
    },
    {
      "title": "Demo Video 7",
      "url": "https://cdn.jsdelivr.net/gh/AnIdiotsGuide/videos@master/BigBuckBunny.mp4"
    },
    {
      "title": "Demo Video 8",
      "url": "https://cdn.jsdelivr.net/gh/AnIdiotsGuide/videos@master/BigBuckBunny.mp4"
    },
    {
      "title": "Demo Video 9",
      "url": "https://cdn.jsdelivr.net/gh/AnIdiotsGuide/videos@master/BigBuckBunny.mp4"
    },
    {
      "title": "Demo Video 10",
      "url": "https://cdn.jsdelivr.net/gh/AnIdiotsGuide/videos@master/BigBuckBunny.mp4"
    },
    {
      "title": "Demo Video 11",
      "url": "https://cdn.jsdelivr.net/gh/AnIdiotsGuide/videos@master/BigBuckBunny.mp4"
    },
    {
      "title": "Demo Video 12",
      "url": "https://cdn.jsdelivr.net/gh/AnIdiotsGuide/videos@master/BigBuckBunny.mp4"
    },
    {
      "title": "Demo Video 13",
      "url": "https://cdn.jsdelivr.net/gh/AnIdiotsGuide/videos@master/BigBuckBunny.mp4"
    },
    {
      "title": "Demo Video 14",
      "url": "https://cdn.jsdelivr.net/gh/AnIdiotsGuide/videos@master/BigBuckBunny.mp4"
    },
    {
      "title": "Demo Video 15",
      "url": "https://cdn.jsdelivr.net/gh/AnIdiotsGuide/videos@master/BigBuckBunny.mp4"
    },
    {
      "title": "Demo Video 16",
      "url": "https://cdn.jsdelivr.net/gh/AnIdiotsGuide/videos@master/BigBuckBunny.mp4"
    },
    {
      "title": "Demo Video 17",
      "url": "https://cdn.jsdelivr.net/gh/AnIdiotsGuide/videos@master/BigBuckBunny.mp4"
    },
    {
      "title": "Demo Video 18",
      "url": "https://cdn.jsdelivr.net/gh/AnIdiotsGuide/videos@master/BigBuckBunny.mp4"
    },
    {
      "title": "Demo Video 19",
      "url": "https://cdn.jsdelivr.net/gh/AnIdiotsGuide/videos@master/BigBuckBunny.mp4"
    },
    {
      "title": "Demo Video 20",
      "url": "https://cdn.jsdelivr.net/gh/AnIdiotsGuide/videos@master/BigBuckBunny.mp4"
    }
  ]
}